{
  "oof": {
    "oof_brier": 0.050167243605307985,
    "oof_logloss": 0.20572918134487117,
    "oof_roc_auc": 0.5506379585326954,
    "oof_acc_thresh_0.5": 0.9457013574660633,
    "oof_hit1": 0.25
  }
}