{
  "oof_count": 221,
  "metrics": {
    "platt": {
      "brier": 0.03749297722565988,
      "logloss": 0.11746851463725826,
      "roc_auc": 0.9501594896331738,
      "acc_0.5": 0.9411764705882353
    },
    "isotonic": {
      "brier": 0.03377668083550437,
      "logloss": 0.10219395953742057,
      "roc_auc": 0.9589314194577352,
      "acc_0.5": 0.9457013574660633
    }
  }
}