{
  "oof": {
    "oof_brier": 0.027093596059113302,
    "oof_logloss": 0.08521680276405856,
    "oof_roc_auc": 0.9701704545454545,
    "oof_acc_thresh_0.5": 0.9655172413793104,
    "oof_hit1": 0.6363636363636364
  }
}