log_loss,accuracy
1.027501712462844,0.4807017543859649
