model,log_loss,accuracy,brier
raw_lgb,1.2887231296932855,0.4964912280701754,0.23548616140584092
cal_sigmoid,1.0117458030067363,0.49298245614035086,0.20295278205593906
cal_isotonic,0.9741386796294691,0.5052631578947369,0.19735942680912844
