model,phase,log_loss,accuracy
lgb,train,0.8525047803081383,0.667479674796748
lgb,cv,0.997945687112113,0.5211382113821138
lgb,test,1.015115513579457,0.5120689655172413
xgb,train,0.9379584634296141,0.5617886178861788
xgb,cv,0.9817707307917882,0.5353658536585366
xgb,test,0.997973559482361,0.5172413793103449
stacked,cv,0.9722799352511492,
stacked,test,0.9911076075780765,0.5189655172413793
