source_file,season,n_matches,logloss_base,logloss_lgb,acc_base,acc_lgb,brier_base,brier_lgb
season-1718.csv,1718,380,0.9684749818253974,0.14177020482208955,0.0,0.0,0.2777598046571751,0.014097852777504154
season-1819.csv,1819,380,1.0141246829955206,0.09742947133105567,0.0,0.0,0.2653568689781214,0.005880586007572318
season-1920.csv,1920,380,1.0112003926845425,0.09488230330099409,0.0,0.0,0.26341221886513017,0.005819964034237922
season-2021.csv,2021,380,1.0131477651230019,0.09078113491366924,0.0,0.0,0.26857863004817845,0.005276823121610688
season-2122.csv,2122,380,1.0323194567214191,0.09805943389376406,0.0,0.0,0.26238870533389913,0.006187131079919961
season-2223.csv,2223,380,1.0181698434242685,0.09479123810713663,0.0,0.0,0.2645701132248161,0.005940834295649505
season-2324.csv,2324,380,1.0263673839951857,0.7262425704155524,0.0,0.0,0.26715966704324345,0.12453491937372714
season-2425.csv,2425,370,1.0290042372925898,1.2630657318642688,0.0,0.0,0.27058509032143013,0.23207933420947555
