log_loss,accuracy
1.0181102581742745,0.49482758620689654
