log_loss,accuracy
1.2746663571448038,0.5105263157894737
