log_loss,accuracy
0.9969172135372704,0.5210526315789473
