{
  "match_date": "2024-01-05",
  "home": "Bologna",
  "away": "Genoa",
  "baseline": {
    "probs": [
      0.1339715529291652,
      0.4522523902808465,
      0.41377605678998824
    ],
    "pred": 1
  },
  "lgb_calibrated": {
    "probs": [
      0.5342578756174838,
      0.25876995588459806,
      0.20697216849791794
    ],
    "pred": 0
  },
  "stacked": {
    "probs": [
      0.6818519309056505,
      0.18709593304579686,
      0.1310521360485526
    ],
    "pred": 0
  }
}