{
  "match_date": "2024-01-05",
  "home": "Bologna",
  "away": "Genoa",
  "baseline": {
    "probs": [
      0.1339715529291652,
      0.4522523902808465,
      0.41377605678998824
    ],
    "pred": 1
  },
  "lgb_calibrated": {
    "probs": [
      0.5337561688928852,
      0.26352395559708264,
      0.2027198755100322
    ],
    "pred": 0
  },
  "stacked": {
    "probs": [
      0.6390935233445434,
      0.2176262575668928,
      0.14328021908856386
    ],
    "pred": 0
  }
}