log_loss,accuracy
0.9794216274363616,0.5333333333333333
