log_loss,accuracy
0.9911925331334284,0.5224137931034483
